,risk,flag,model_version,scored_at
271,0.9722,1,v1,2026-09-22 17:28
1130,0.9685,1,v1,2026-09-22 17:28
1418,0.9684,1,v1,2026-09-22 17:28
772,0.9683,1,v1,2026-09-22 17:28
1240,0.9674,1,v1,2026-09-22 17:28
965,0.9674,1,v1,2026-09-22 17:28
919,0.9649,1,v1,2026-09-22 17:28
305,0.9619,1,v1,2026-09-22 17:28
1134,0.9573,1,v1,2026-09-22 17:28
651,0.9573,1,v1,2026-09-22 17:28
571,0.9555,1,v1,2026-09-22 17:28
1429,0.9531,1,v1,2026-09-22 17:28
234,0.9297,1,v1,2026-09-22 17:28
510,0.9279,1,v1,2026-09-22 17:28
850,0.9268,1,v1,2026-09-22 17:28
254,0.9268,1,v1,2026-09-22 17:28
905,0.9255,1,v1,2026-09-22 17:28
1385,0.9255,1,v1,2026-09-22 17:28
1464,0.9249,1,v1,2026-09-22 17:28
1311,0.9249,1,v1,2026-09-22 17:28
130,0.9249,1,v1,2026-09-22 17:28
36,0.919,1,v1,2026-09-22 17:28
1364,0.9152,1,v1,2026-09-22 17:28
576,0.9152,1,v1,2026-09-22 17:28
436,0.9149,1,v1,2026-09-22 17:28
1261,0.9072,1,v1,2026-09-22 17:28
626,0.9051,1,v1,2026-09-22 17:28
478,0.9024,1,v1,2026-09-22 17:28
1181,0.9023,1,v1,2026-09-22 17:28
32,0.8982,1,v1,2026-09-22 17:28
818,0.8893,1,v1,2026-09-22 17:28
861,0.8893,1,v1,2026-09-22 17:28
1201,0.8893,1,v1,2026-09-22 17:28
311,0.888,1,v1,2026-09-22 17:28
408,0.8875,1,v1,2026-09-22 17:28
91,0.8842,1,v1,2026-09-22 17:28
112,0.8821,1,v1,2026-09-22 17:28
1212,0.8776,1,v1,2026-09-22 17:28
241,0.8776,1,v1,2026-09-22 17:28
407,0.8776,1,v1,2026-09-22 17:28
860,0.8769,1,v1,2026-09-22 17:28
527,0.8769,1,v1,2026-09-22 17:28
7,0.8733,1,v1,2026-09-22 17:28
1454,0.873,1,v1,2026-09-22 17:28
621,0.8727,1,v1,2026-09-22 17:28
1105,0.8714,1,v1,2026-09-22 17:28
489,0.8609,1,v1,2026-09-22 17:28
323,0.8589,1,v1,2026-09-22 17:28
92,0.8589,1,v1,2026-09-22 17:28
1321,0.8576,1,v1,2026-09-22 17:28
800,0.8519,1,v1,2026-09-22 17:28
1033,0.8503,1,v1,2026-09-22 17:28
521,0.8481,1,v1,2026-09-22 17:28
937,0.8481,1,v1,2026-09-22 17:28
1035,0.8479,1,v1,2026-09-22 17:28
1401,0.8479,1,v1,2026-09-22 17:28
482,0.8459,1,v1,2026-09-22 17:28
125,0.8459,1,v1,2026-09-22 17:28
266,0.8447,1,v1,2026-09-22 17:28
476,0.8379,1,v1,2026-09-22 17:28
80,0.8376,1,v1,2026-09-22 17:28
1279,0.8348,1,v1,2026-09-22 17:28
191,0.8314,1,v1,2026-09-22 17:28
351,0.831,1,v1,2026-09-22 17:28
1283,0.8309,1,v1,2026-09-22 17:28
243,0.8309,1,v1,2026-09-22 17:28
653,0.8302,1,v1,2026-09-22 17:28
640,0.8297,1,v1,2026-09-22 17:28
338,0.8294,1,v1,2026-09-22 17:28
1090,0.829,1,v1,2026-09-22 17:28
760,0.829,1,v1,2026-09-22 17:28
885,0.829,1,v1,2026-09-22 17:28
1120,0.8275,1,v1,2026-09-22 17:28
1169,0.8267,1,v1,2026-09-22 17:28
272,0.8243,1,v1,2026-09-22 17:28
738,0.8242,1,v1,2026-09-22 17:28
771,0.8229,1,v1,2026-09-22 17:28
1044,0.8218,1,v1,2026-09-22 17:28
1089,0.8196,1,v1,2026-09-22 17:28
298,0.8188,1,v1,2026-09-22 17:28
871,0.813,1,v1,2026-09-22 17:28
1355,0.813,1,v1,2026-09-22 17:28
536,0.8106,1,v1,2026-09-22 17:28
549,0.8106,1,v1,2026-09-22 17:28
632,0.8079,1,v1,2026-09-22 17:28
1329,0.8024,1,v1,2026-09-22 17:28
715,0.8017,1,v1,2026-09-22 17:28
190,0.8017,1,v1,2026-09-22 17:28
667,0.798,0,v1,2026-09-22 17:28
898,0.798,0,v1,2026-09-22 17:28
364,0.7925,0,v1,2026-09-22 17:28
1323,0.7908,0,v1,2026-09-22 17:28
1332,0.7908,0,v1,2026-09-22 17:28
1434,0.7897,0,v1,2026-09-22 17:28
155,0.7897,0,v1,2026-09-22 17:28
786,0.7888,0,v1,2026-09-22 17:28
923,0.7878,0,v1,2026-09-22 17:28
256,0.7878,0,v1,2026-09-22 17:28
1371,0.7877,0,v1,2026-09-22 17:28
8,0.7877,0,v1,2026-09-22 17:28
514,0.7872,0,v1,2026-09-22 17:28
1264,0.7852,0,v1,2026-09-22 17:28
894,0.7852,0,v1,2026-09-22 17:28
40,0.7846,0,v1,2026-09-22 17:28
1022,0.784,0,v1,2026-09-22 17:28
328,0.7839,0,v1,2026-09-22 17:28
566,0.7802,0,v1,2026-09-22 17:28
1451,0.779,0,v1,2026-09-22 17:28
962,0.778,0,v1,2026-09-22 17:28
713,0.7749,0,v1,2026-09-22 17:28
716,0.7711,0,v1,2026-09-22 17:28
1372,0.7676,0,v1,2026-09-22 17:28
182,0.7676,0,v1,2026-09-22 17:28
1440,0.7648,0,v1,2026-09-22 17:28
384,0.7648,0,v1,2026-09-22 17:28
1138,0.7648,0,v1,2026-09-22 17:28
749,0.7647,0,v1,2026-09-22 17:28
612,0.7635,0,v1,2026-09-22 17:28
635,0.7635,0,v1,2026-09-22 17:28
553,0.7635,0,v1,2026-09-22 17:28
55,0.7599,0,v1,2026-09-22 17:28
110,0.7592,0,v1,2026-09-22 17:28
331,0.7592,0,v1,2026-09-22 17:28
1280,0.7583,0,v1,2026-09-22 17:28
126,0.7583,0,v1,2026-09-22 17:28
851,0.7545,0,v1,2026-09-22 17:28
960,0.7545,0,v1,2026-09-22 17:28
697,0.7538,0,v1,2026-09-22 17:28
313,0.7518,0,v1,2026-09-22 17:28
427,0.7518,0,v1,2026-09-22 17:28
13,0.7509,0,v1,2026-09-22 17:28
1328,0.7508,0,v1,2026-09-22 17:28
394,0.7458,0,v1,2026-09-22 17:28
107,0.7458,0,v1,2026-09-22 17:28
770,0.7421,0,v1,2026-09-22 17:28
517,0.7417,0,v1,2026-09-22 17:28
782,0.7417,0,v1,2026-09-22 17:28
636,0.7413,0,v1,2026-09-22 17:28
661,0.7384,0,v1,2026-09-22 17:28
325,0.7384,0,v1,2026-09-22 17:28
719,0.7354,0,v1,2026-09-22 17:28
1353,0.7351,0,v1,2026-09-22 17:28
309,0.7351,0,v1,2026-09-22 17:28
445,0.7351,0,v1,2026-09-22 17:28
250,0.7331,0,v1,2026-09-22 17:28
936,0.7316,0,v1,2026-09-22 17:28
831,0.7316,0,v1,2026-09-22 17:28
458,0.7307,0,v1,2026-09-22 17:28
681,0.7295,0,v1,2026-09-22 17:28
1304,0.7293,0,v1,2026-09-22 17:28
904,0.7292,0,v1,2026-09-22 17:28
598,0.7292,0,v1,2026-09-22 17:28
1412,0.7288,0,v1,2026-09-22 17:28
38,0.7252,0,v1,2026-09-22 17:28
551,0.722,0,v1,2026-09-22 17:28
1116,0.722,0,v1,2026-09-22 17:28
775,0.7218,0,v1,2026-09-22 17:28
1121,0.7189,0,v1,2026-09-22 17:28
209,0.7183,0,v1,2026-09-22 17:28
176,0.7183,0,v1,2026-09-22 17:28
1317,0.7183,0,v1,2026-09-22 17:28
27,0.7181,0,v1,2026-09-22 17:28
1346,0.7154,0,v1,2026-09-22 17:28
1335,0.7147,0,v1,2026-09-22 17:28
387,0.7147,0,v1,2026-09-22 17:28
1188,0.711,0,v1,2026-09-22 17:28
1447,0.7097,0,v1,2026-09-22 17:28
846,0.7096,0,v1,2026-09-22 17:28
616,0.7096,0,v1,2026-09-22 17:28
1045,0.7037,0,v1,2026-09-22 17:28
799,0.7037,0,v1,2026-09-22 17:28
1051,0.7037,0,v1,2026-09-22 17:28
855,0.7028,0,v1,2026-09-22 17:28
702,0.7028,0,v1,2026-09-22 17:28
104,0.7028,0,v1,2026-09-22 17:28
73,0.7028,0,v1,2026-09-22 17:28
303,0.7027,0,v1,2026-09-22 17:28
430,0.7015,0,v1,2026-09-22 17:28
1368,0.7005,0,v1,2026-09-22 17:28
1378,0.6995,0,v1,2026-09-22 17:28
422,0.6951,0,v1,2026-09-22 17:28
1449,0.694,0,v1,2026-09-22 17:28
1071,0.694,0,v1,2026-09-22 17:28
247,0.694,0,v1,2026-09-22 17:28
410,0.6938,0,v1,2026-09-22 17:28
1098,0.6921,0,v1,2026-09-22 17:28
845,0.691,0,v1,2026-09-22 17:28
752,0.6833,0,v1,2026-09-22 17:28
1325,0.682,0,v1,2026-09-22 17:28
758,0.6811,0,v1,2026-09-22 17:28
1097,0.6798,0,v1,2026-09-22 17:28
711,0.6798,0,v1,2026-09-22 17:28
244,0.6798,0,v1,2026-09-22 17:28
1039,0.6798,0,v1,2026-09-22 17:28
1405,0.6792,0,v1,2026-09-22 17:28
966,0.6772,0,v1,2026-09-22 17:28
1029,0.6754,0,v1,2026-09-22 17:28
1113,0.6741,0,v1,2026-09-22 17:28
662,0.6741,0,v1,2026-09-22 17:28
541,0.6702,0,v1,2026-09-22 17:28
803,0.6702,0,v1,2026-09-22 17:28
864,0.6702,0,v1,2026-09-22 17:28
985,0.6702,0,v1,2026-09-22 17:28
812,0.67,0,v1,2026-09-22 17:28
75,0.6671,0,v1,2026-09-22 17:28
1211,0.6667,0,v1,2026-09-22 17:28
1149,0.6667,0,v1,2026-09-22 17:28
485,0.6667,0,v1,2026-09-22 17:28
856,0.6667,0,v1,2026-09-22 17:28
372,0.6665,0,v1,2026-09-22 17:28
97,0.6665,0,v1,2026-09-22 17:28
183,0.6659,0,v1,2026-09-22 17:28
483,0.6657,0,v1,2026-09-22 17:28
342,0.6657,0,v1,2026-09-22 17:28
189,0.6644,0,v1,2026-09-22 17:28
882,0.661,0,v1,2026-09-22 17:28
792,0.661,0,v1,2026-09-22 17:28
289,0.661,0,v1,2026-09-22 17:28
442,0.6576,0,v1,2026-09-22 17:28
1078,0.6576,0,v1,2026-09-22 17:28
1106,0.6576,0,v1,2026-09-22 17:28
1214,0.6537,0,v1,2026-09-22 17:28
260,0.6531,0,v1,2026-09-22 17:28
144,0.6493,0,v1,2026-09-22 17:28
114,0.6489,0,v1,2026-09-22 17:28
1032,0.6489,0,v1,2026-09-22 17:28
206,0.6477,0,v1,2026-09-22 17:28
863,0.6477,0,v1,2026-09-22 17:28
1426,0.6475,0,v1,2026-09-22 17:28
942,0.645,0,v1,2026-09-22 17:28
1367,0.645,0,v1,2026-09-22 17:28
734,0.645,0,v1,2026-09-22 17:28
765,0.645,0,v1,2026-09-22 17:28
1199,0.645,0,v1,2026-09-22 17:28
1377,0.6447,0,v1,2026-09-22 17:28
688,0.6434,0,v1,2026-09-22 17:28
988,0.6397,0,v1,2026-09-22 17:28
1040,0.6374,0,v1,2026-09-22 17:28
320,0.6374,0,v1,2026-09-22 17:28
817,0.6374,0,v1,2026-09-22 17:28
766,0.6356,0,v1,2026-09-22 17:28
1058,0.6356,0,v1,2026-09-22 17:28
459,0.6356,0,v1,2026-09-22 17:28
211,0.6347,0,v1,2026-09-22 17:28
197,0.6342,0,v1,2026-09-22 17:28
49,0.632,0,v1,2026-09-22 17:28
1066,0.6305,0,v1,2026-09-22 17:28
990,0.6305,0,v1,2026-09-22 17:28
889,0.6259,0,v1,2026-09-22 17:28
1231,0.6236,0,v1,2026-09-22 17:28
1318,0.6228,0,v1,2026-09-22 17:28
195,0.6221,0,v1,2026-09-22 17:28
1080,0.6162,0,v1,2026-09-22 17:28
1000,0.6144,0,v1,2026-09-22 17:28
218,0.6133,0,v1,2026-09-22 17:28
1397,0.6115,0,v1,2026-09-22 17:28
1,0.6113,0,v1,2026-09-22 17:28
588,0.6108,0,v1,2026-09-22 17:28
547,0.6098,0,v1,2026-09-22 17:28
1344,0.6096,0,v1,2026-09-22 17:28
142,0.6092,0,v1,2026-09-22 17:28
217,0.6092,0,v1,2026-09-22 17:28
610,0.6078,0,v1,2026-09-22 17:28
838,0.6078,0,v1,2026-09-22 17:28
3,0.607,0,v1,2026-09-22 17:28
1460,0.6065,0,v1,2026-09-22 17:28
280,0.6049,0,v1,2026-09-22 17:28
1086,0.6043,0,v1,2026-09-22 17:28
809,0.6021,0,v1,2026-09-22 17:28
677,0.602,0,v1,2026-09-22 17:28
1246,0.6019,0,v1,2026-09-22 17:28
1239,0.6019,0,v1,2026-09-22 17:28
348,0.6012,0,v1,2026-09-22 17:28
398,0.601,0,v1,2026-09-22 17:28
1196,0.5985,0,v1,2026-09-22 17:28
15,0.5985,0,v1,2026-09-22 17:28
454,0.5985,0,v1,2026-09-22 17:28
329,0.5985,0,v1,2026-09-22 17:28
1233,0.596,0,v1,2026-09-22 17:28
963,0.5952,0,v1,2026-09-22 17:28
161,0.5921,0,v1,2026-09-22 17:28
1365,0.5916,0,v1,2026-09-22 17:28
1146,0.5915,0,v1,2026-09-22 17:28
119,0.5915,0,v1,2026-09-22 17:28
37,0.5905,0,v1,2026-09-22 17:28
357,0.5872,0,v1,2026-09-22 17:28
497,0.5863,0,v1,2026-09-22 17:28
171,0.5842,0,v1,2026-09-22 17:28
992,0.5842,0,v1,2026-09-22 17:28
687,0.5842,0,v1,2026-09-22 17:28
869,0.5842,0,v1,2026-09-22 17:28
277,0.5784,0,v1,2026-09-22 17:28
741,0.5756,0,v1,2026-09-22 17:28
530,0.5749,0,v1,2026-09-22 17:28
60,0.5732,0,v1,2026-09-22 17:28
177,0.5732,0,v1,2026-09-22 17:28
1170,0.5732,0,v1,2026-09-22 17:28
203,0.5723,0,v1,2026-09-22 17:28
953,0.5712,0,v1,2026-09-22 17:28
57,0.5712,0,v1,2026-09-22 17:28
1259,0.5712,0,v1,2026-09-22 17:28
1446,0.5688,0,v1,2026-09-22 17:28
872,0.5671,0,v1,2026-09-22 17:28
1180,0.5662,0,v1,2026-09-22 17:28
1276,0.5662,0,v1,2026-09-22 17:28
186,0.5662,0,v1,2026-09-22 17:28
1326,0.5646,0,v1,2026-09-22 17:28
1118,0.5622,0,v1,2026-09-22 17:28
1356,0.5613,0,v1,2026-09-22 17:28
448,0.5608,0,v1,2026-09-22 17:28
548,0.5606,0,v1,2026-09-22 17:28
1301,0.5586,0,v1,2026-09-22 17:28
286,0.558,0,v1,2026-09-22 17:28
312,0.558,0,v1,2026-09-22 17:28
742,0.558,0,v1,2026-09-22 17:28
1461,0.5529,0,v1,2026-09-22 17:28
296,0.5529,0,v1,2026-09-22 17:28
773,0.551,0,v1,2026-09-22 17:28
120,0.551,0,v1,2026-09-22 17:28
1245,0.551,0,v1,2026-09-22 17:28
242,0.5508,0,v1,2026-09-22 17:28
317,0.5508,0,v1,2026-09-22 17:28
533,0.5508,0,v1,2026-09-22 17:28
294,0.5496,0,v1,2026-09-22 17:28
572,0.5481,0,v1,2026-09-22 17:28
279,0.5475,0,v1,2026-09-22 17:28
246,0.5474,0,v1,2026-09-22 17:28
1298,0.547,0,v1,2026-09-22 17:28
1143,0.547,0,v1,2026-09-22 17:28
438,0.5466,0,v1,2026-09-22 17:28
1073,0.5466,0,v1,2026-09-22 17:28
1230,0.5445,0,v1,2026-09-22 17:28
961,0.5444,0,v1,2026-09-22 17:28
173,0.5441,0,v1,2026-09-22 17:28
1041,0.5441,0,v1,2026-09-22 17:28
736,0.544,0,v1,2026-09-22 17:28
1305,0.544,0,v1,2026-09-22 17:28
1296,0.5433,0,v1,2026-09-22 17:28
1068,0.5422,0,v1,2026-09-22 17:28
1059,0.541,0,v1,2026-09-22 17:28
187,0.541,0,v1,2026-09-22 17:28
896,0.5406,0,v1,2026-09-22 17:28
314,0.5406,0,v1,2026-09-22 17:28
819,0.5379,0,v1,2026-09-22 17:28
63,0.5377,0,v1,2026-09-22 17:28
628,0.5373,0,v1,2026-09-22 17:28
614,0.5373,0,v1,2026-09-22 17:28
1444,0.5356,0,v1,2026-09-22 17:28
580,0.5348,0,v1,2026-09-22 17:28
23,0.5348,0,v1,2026-09-22 17:28
101,0.5347,0,v1,2026-09-22 17:28
695,0.5337,0,v1,2026-09-22 17:28
170,0.5335,0,v1,2026-09-22 17:28
659,0.5335,0,v1,2026-09-22 17:28
127,0.5335,0,v1,2026-09-22 17:28
417,0.5326,0,v1,2026-09-22 17:28
1314,0.5326,0,v1,2026-09-22 17:28
1306,0.5324,0,v1,2026-09-22 17:28
520,0.5314,0,v1,2026-09-22 17:28
671,0.5313,0,v1,2026-09-22 17:28
255,0.5297,0,v1,2026-09-22 17:28
777,0.5297,0,v1,2026-09-22 17:28
727,0.528,0,v1,2026-09-22 17:28
1144,0.5232,0,v1,2026-09-22 17:28
1127,0.5231,0,v1,2026-09-22 17:28
1316,0.5229,0,v1,2026-09-22 17:28
842,0.5228,0,v1,2026-09-22 17:28
1012,0.5228,0,v1,2026-09-22 17:28
849,0.5213,0,v1,2026-09-22 17:28
815,0.5213,0,v1,2026-09-22 17:28
1154,0.5212,0,v1,2026-09-22 17:28
1417,0.5211,0,v1,2026-09-22 17:28
154,0.5208,0,v1,2026-09-22 17:28
411,0.5199,0,v1,2026-09-22 17:28
1411,0.5189,0,v1,2026-09-22 17:28
456,0.5189,0,v1,2026-09-22 17:28
389,0.5186,0,v1,2026-09-22 17:28
641,0.5186,0,v1,2026-09-22 17:28
16,0.5157,0,v1,2026-09-22 17:28
1271,0.5153,0,v1,2026-09-22 17:28
113,0.5153,0,v1,2026-09-22 17:28
648,0.5125,0,v1,2026-09-22 17:28
787,0.5123,0,v1,2026-09-22 17:28
726,0.5119,0,v1,2026-09-22 17:28
830,0.5112,0,v1,2026-09-22 17:28
556,0.5112,0,v1,2026-09-22 17:28
1452,0.5101,0,v1,2026-09-22 17:28
1340,0.5101,0,v1,2026-09-22 17:28
1330,0.5101,0,v1,2026-09-22 17:28
982,0.5098,0,v1,2026-09-22 17:28
1450,0.5095,0,v1,2026-09-22 17:28
1202,0.5074,0,v1,2026-09-22 17:28
419,0.5065,0,v1,2026-09-22 17:28
420,0.5065,0,v1,2026-09-22 17:28
322,0.5065,0,v1,2026-09-22 17:28
1282,0.5061,0,v1,2026-09-22 17:28
562,0.5058,0,v1,2026-09-22 17:28
1274,0.5047,0,v1,2026-09-22 17:28
1458,0.5045,0,v1,2026-09-22 17:28
1267,0.5045,0,v1,2026-09-22 17:28
25,0.5021,0,v1,2026-09-22 17:28
212,0.5021,0,v1,2026-09-22 17:28
764,0.5018,0,v1,2026-09-22 17:28
179,0.5018,0,v1,2026-09-22 17:28
1119,0.5012,0,v1,2026-09-22 17:28
1148,0.5012,0,v1,2026-09-22 17:28
797,0.4997,0,v1,2026-09-22 17:28
275,0.4994,0,v1,2026-09-22 17:28
1136,0.4994,0,v1,2026-09-22 17:28
634,0.4978,0,v1,2026-09-22 17:28
248,0.4973,0,v1,2026-09-22 17:28
625,0.4973,0,v1,2026-09-22 17:28
1178,0.4961,0,v1,2026-09-22 17:28
258,0.4957,0,v1,2026-09-22 17:28
1221,0.4957,0,v1,2026-09-22 17:28
870,0.4957,0,v1,2026-09-22 17:28
921,0.4956,0,v1,2026-09-22 17:28
754,0.4956,0,v1,2026-09-22 17:28
46,0.4956,0,v1,2026-09-22 17:28
603,0.4956,0,v1,2026-09-22 17:28
1227,0.4956,0,v1,2026-09-22 17:28
1435,0.4956,0,v1,2026-09-22 17:28
1023,0.4956,0,v1,2026-09-22 17:28
675,0.4952,0,v1,2026-09-22 17:28
1179,0.495,0,v1,2026-09-22 17:28
706,0.495,0,v1,2026-09-22 17:28
565,0.494,0,v1,2026-09-22 17:28
1052,0.494,0,v1,2026-09-22 17:28
1065,0.4931,0,v1,2026-09-22 17:28
201,0.4931,0,v1,2026-09-22 17:28
269,0.4925,0,v1,2026-09-22 17:28
1177,0.489,0,v1,2026-09-22 17:28
1157,0.4881,0,v1,2026-09-22 17:28
1337,0.4878,0,v1,2026-09-22 17:28
555,0.4878,0,v1,2026-09-22 17:28
297,0.4835,0,v1,2026-09-22 17:28
1258,0.4832,0,v1,2026-09-22 17:28
72,0.4823,0,v1,2026-09-22 17:28
1103,0.4802,0,v1,2026-09-22 17:28
188,0.4802,0,v1,2026-09-22 17:28
1343,0.4801,0,v1,2026-09-22 17:28
1299,0.4782,0,v1,2026-09-22 17:28
964,0.4777,0,v1,2026-09-22 17:28
360,0.4773,0,v1,2026-09-22 17:28
724,0.4773,0,v1,2026-09-22 17:28
991,0.4773,0,v1,2026-09-22 17:28
1028,0.4765,0,v1,2026-09-22 17:28
968,0.4762,0,v1,2026-09-22 17:28
335,0.4761,0,v1,2026-09-22 17:28
1408,0.4761,0,v1,2026-09-22 17:28
791,0.4761,0,v1,2026-09-22 17:28
493,0.475,0,v1,2026-09-22 17:28
1009,0.475,0,v1,2026-09-22 17:28
1081,0.4717,0,v1,2026-09-22 17:28
971,0.4713,0,v1,2026-09-22 17:28
515,0.471,0,v1,2026-09-22 17:28
12,0.4703,0,v1,2026-09-22 17:28
180,0.4695,0,v1,2026-09-22 17:28
90,0.4692,0,v1,2026-09-22 17:28
1455,0.4682,0,v1,2026-09-22 17:28
704,0.4682,0,v1,2026-09-22 17:28
917,0.4682,0,v1,2026-09-22 17:28
605,0.468,0,v1,2026-09-22 17:28
20,0.468,0,v1,2026-09-22 17:28
84,0.4676,0,v1,2026-09-22 17:28
1312,0.4676,0,v1,2026-09-22 17:28
757,0.467,0,v1,2026-09-22 17:28
656,0.467,0,v1,2026-09-22 17:28
739,0.4668,0,v1,2026-09-22 17:28
1024,0.4668,0,v1,2026-09-22 17:28
875,0.4664,0,v1,2026-09-22 17:28
1391,0.465,0,v1,2026-09-22 17:28
550,0.4646,0,v1,2026-09-22 17:28
591,0.4643,0,v1,2026-09-22 17:28
491,0.4643,0,v1,2026-09-22 17:28
957,0.464,0,v1,2026-09-22 17:28
199,0.462,0,v1,2026-09-22 17:28
1204,0.4617,0,v1,2026-09-22 17:28
167,0.4612,0,v1,2026-09-22 17:28
1133,0.4611,0,v1,2026-09-22 17:28
471,0.4611,0,v1,2026-09-22 17:28
1281,0.4607,0,v1,2026-09-22 17:28
93,0.4604,0,v1,2026-09-22 17:28
516,0.4604,0,v1,2026-09-22 17:28
1465,0.4553,0,v1,2026-09-22 17:28
814,0.4553,0,v1,2026-09-22 17:28
1005,0.4545,0,v1,2026-09-22 17:28
318,0.4534,0,v1,2026-09-22 17:28
1313,0.4528,0,v1,2026-09-22 17:28
1167,0.451,0,v1,2026-09-22 17:28
487,0.451,0,v1,2026-09-22 17:28
111,0.4505,0,v1,2026-09-22 17:28
343,0.4505,0,v1,2026-09-22 17:28
903,0.4502,0,v1,2026-09-22 17:28
902,0.4498,0,v1,2026-09-22 17:28
559,0.4496,0,v1,2026-09-22 17:28
1407,0.449,0,v1,2026-09-22 17:28
746,0.4462,0,v1,2026-09-22 17:28
613,0.4458,0,v1,2026-09-22 17:28
725,0.4455,0,v1,2026-09-22 17:28
1220,0.4455,0,v1,2026-09-22 17:28
1037,0.4444,0,v1,2026-09-22 17:28
1229,0.4444,0,v1,2026-09-22 17:28
620,0.4441,0,v1,2026-09-22 17:28
839,0.4441,0,v1,2026-09-22 17:28
1010,0.4441,0,v1,2026-09-22 17:28
560,0.4441,0,v1,2026-09-22 17:28
619,0.4441,0,v1,2026-09-22 17:28
39,0.4441,0,v1,2026-09-22 17:28
1210,0.4441,0,v1,2026-09-22 17:28
933,0.444,0,v1,2026-09-22 17:28
1300,0.444,0,v1,2026-09-22 17:28
35,0.4434,0,v1,2026-09-22 17:28
745,0.4434,0,v1,2026-09-22 17:28
1036,0.4433,0,v1,2026-09-22 17:28
123,0.4418,0,v1,2026-09-22 17:28
403,0.4362,0,v1,2026-09-22 17:28
1414,0.4362,0,v1,2026-09-22 17:28
714,0.4362,0,v1,2026-09-22 17:28
755,0.4344,0,v1,2026-09-22 17:28
210,0.4343,0,v1,2026-09-22 17:28
769,0.4343,0,v1,2026-09-22 17:28
1442,0.4343,0,v1,2026-09-22 17:28
172,0.4343,0,v1,2026-09-22 17:28
356,0.434,0,v1,2026-09-22 17:28
747,0.434,0,v1,2026-09-22 17:28
564,0.4334,0,v1,2026-09-22 17:28
949,0.4334,0,v1,2026-09-22 17:28
1432,0.4319,0,v1,2026-09-22 17:28
401,0.4319,0,v1,2026-09-22 17:28
753,0.4315,0,v1,2026-09-22 17:28
748,0.4305,0,v1,2026-09-22 17:28
77,0.4292,0,v1,2026-09-22 17:28
892,0.4285,0,v1,2026-09-22 17:28
214,0.4285,0,v1,2026-09-22 17:28
1018,0.4274,0,v1,2026-09-22 17:28
602,0.4271,0,v1,2026-09-22 17:28
723,0.4271,0,v1,2026-09-22 17:28
540,0.4261,0,v1,2026-09-22 17:28
1270,0.4261,0,v1,2026-09-22 17:28
378,0.4254,0,v1,2026-09-22 17:28
583,0.4243,0,v1,2026-09-22 17:28
1241,0.4243,0,v1,2026-09-22 17:28
660,0.4243,0,v1,2026-09-22 17:28
834,0.4235,0,v1,2026-09-22 17:28
1084,0.4235,0,v1,2026-09-22 17:28
484,0.4221,0,v1,2026-09-22 17:28
404,0.421,0,v1,2026-09-22 17:28
382,0.421,0,v1,2026-09-22 17:28
1104,0.4206,0,v1,2026-09-22 17:28
998,0.4199,0,v1,2026-09-22 17:28
1428,0.4195,0,v1,2026-09-22 17:28
1054,0.4172,0,v1,2026-09-22 17:28
1109,0.4167,0,v1,2026-09-22 17:28
1242,0.4164,0,v1,2026-09-22 17:28
477,0.4164,0,v1,2026-09-22 17:28
446,0.4164,0,v1,2026-09-22 17:28
324,0.4162,0,v1,2026-09-22 17:28
1269,0.4162,0,v1,2026-09-22 17:28
1070,0.4155,0,v1,2026-09-22 17:28
418,0.4155,0,v1,2026-09-22 17:28
750,0.4154,0,v1,2026-09-22 17:28
133,0.4145,0,v1,2026-09-22 17:28
637,0.4134,0,v1,2026-09-22 17:28
299,0.4122,0,v1,2026-09-22 17:28
848,0.412,0,v1,2026-09-22 17:28
66,0.4117,0,v1,2026-09-22 17:28
529,0.4117,0,v1,2026-09-22 17:28
918,0.4109,0,v1,2026-09-22 17:28
178,0.4109,0,v1,2026-09-22 17:28
156,0.4104,0,v1,2026-09-22 17:28
1262,0.4103,0,v1,2026-09-22 17:28
193,0.4103,0,v1,2026-09-22 17:28
1297,0.4099,0,v1,2026-09-22 17:28
1234,0.4099,0,v1,2026-09-22 17:28
689,0.4099,0,v1,2026-09-22 17:28
470,0.4085,0,v1,2026-09-22 17:28
239,0.4085,0,v1,2026-09-22 17:28
853,0.4084,0,v1,2026-09-22 17:28
975,0.4082,0,v1,2026-09-22 17:28
85,0.4075,0,v1,2026-09-22 17:28
460,0.4073,0,v1,2026-09-22 17:28
450,0.407,0,v1,2026-09-22 17:28
939,0.4062,0,v1,2026-09-22 17:28
1392,0.4062,0,v1,2026-09-22 17:28
257,0.4041,0,v1,2026-09-22 17:28
712,0.4041,0,v1,2026-09-22 17:28
52,0.4041,0,v1,2026-09-22 17:28
581,0.4035,0,v1,2026-09-22 17:28
109,0.4012,0,v1,2026-09-22 17:28
128,0.3998,0,v1,2026-09-22 17:28
899,0.3998,0,v1,2026-09-22 17:28
1445,0.399,0,v1,2026-09-22 17:28
451,0.3988,0,v1,2026-09-22 17:28
45,0.3981,0,v1,2026-09-22 17:28
883,0.3975,0,v1,2026-09-22 17:28
359,0.3957,0,v1,2026-09-22 17:28
463,0.3953,0,v1,2026-09-22 17:28
995,0.3949,0,v1,2026-09-22 17:28
273,0.3949,0,v1,2026-09-22 17:28
222,0.3949,0,v1,2026-09-22 17:28
291,0.3949,0,v1,2026-09-22 17:28
880,0.3935,0,v1,2026-09-22 17:28
1061,0.3935,0,v1,2026-09-22 17:28
375,0.3929,0,v1,2026-09-22 17:28
81,0.3911,0,v1,2026-09-22 17:28
938,0.39,0,v1,2026-09-22 17:28
512,0.3896,0,v1,2026-09-22 17:28
873,0.3896,0,v1,2026-09-22 17:28
426,0.3892,0,v1,2026-09-22 17:28
993,0.3874,0,v1,2026-09-22 17:28
1226,0.3874,0,v1,2026-09-22 17:28
1425,0.3864,0,v1,2026-09-22 17:28
531,0.3864,0,v1,2026-09-22 17:28
232,0.3852,0,v1,2026-09-22 17:28
1388,0.3852,0,v1,2026-09-22 17:28
1016,0.3852,0,v1,2026-09-22 17:28
1459,0.3846,0,v1,2026-09-22 17:28
1008,0.3845,0,v1,2026-09-22 17:28
946,0.3814,0,v1,2026-09-22 17:28
1038,0.3814,0,v1,2026-09-22 17:28
381,0.3814,0,v1,2026-09-22 17:28
587,0.3809,0,v1,2026-09-22 17:28
14,0.3806,0,v1,2026-09-22 17:28
494,0.3805,0,v1,2026-09-22 17:28
18,0.3805,0,v1,2026-09-22 17:28
434,0.3805,0,v1,2026-09-22 17:28
1327,0.3805,0,v1,2026-09-22 17:28
539,0.3805,0,v1,2026-09-22 17:28
1366,0.3805,0,v1,2026-09-22 17:28
552,0.3798,0,v1,2026-09-22 17:28
825,0.3793,0,v1,2026-09-22 17:28
164,0.3789,0,v1,2026-09-22 17:28
1468,0.3782,0,v1,2026-09-22 17:28
204,0.3782,0,v1,2026-09-22 17:28
148,0.3777,0,v1,2026-09-22 17:28
82,0.3776,0,v1,2026-09-22 17:28
1002,0.3768,0,v1,2026-09-22 17:28
1162,0.3768,0,v1,2026-09-22 17:28
1151,0.3758,0,v1,2026-09-22 17:28
582,0.3754,0,v1,2026-09-22 17:28
699,0.3754,0,v1,2026-09-22 17:28
461,0.3752,0,v1,2026-09-22 17:28
693,0.3752,0,v1,2026-09-22 17:28
663,0.3746,0,v1,2026-09-22 17:28
1163,0.3746,0,v1,2026-09-22 17:28
1339,0.374,0,v1,2026-09-22 17:28
295,0.3738,0,v1,2026-09-22 17:28
466,0.3719,0,v1,2026-09-22 17:28
132,0.3711,0,v1,2026-09-22 17:28
432,0.3711,0,v1,2026-09-22 17:28
219,0.3706,0,v1,2026-09-22 17:28
829,0.3706,0,v1,2026-09-22 17:28
349,0.3681,0,v1,2026-09-22 17:28
608,0.3681,0,v1,2026-09-22 17:28
956,0.3681,0,v1,2026-09-22 17:28
694,0.368,0,v1,2026-09-22 17:28
330,0.368,0,v1,2026-09-22 17:28
1351,0.3659,0,v1,2026-09-22 17:28
457,0.3654,0,v1,2026-09-22 17:28
1077,0.3646,0,v1,2026-09-22 17:28
1195,0.3639,0,v1,2026-09-22 17:28
557,0.3639,0,v1,2026-09-22 17:28
925,0.3636,0,v1,2026-09-22 17:28
999,0.3631,0,v1,2026-09-22 17:28
978,0.3631,0,v1,2026-09-22 17:28
105,0.3631,0,v1,2026-09-22 17:28
68,0.3631,0,v1,2026-09-22 17:28
1205,0.3631,0,v1,2026-09-22 17:28
174,0.3628,0,v1,2026-09-22 17:28
1217,0.3622,0,v1,2026-09-22 17:28
1322,0.3619,0,v1,2026-09-22 17:28
607,0.3611,0,v1,2026-09-22 17:28
1315,0.3602,0,v1,2026-09-22 17:28
1222,0.3602,0,v1,2026-09-22 17:28
1004,0.3601,0,v1,2026-09-22 17:28
363,0.3597,0,v1,2026-09-22 17:28
98,0.3594,0,v1,2026-09-22 17:28
970,0.3586,0,v1,2026-09-22 17:28
644,0.3581,0,v1,2026-09-22 17:28
1247,0.3564,0,v1,2026-09-22 17:28
1173,0.3548,0,v1,2026-09-22 17:28
854,0.3545,0,v1,2026-09-22 17:28
1266,0.3539,0,v1,2026-09-22 17:28
1020,0.3539,0,v1,2026-09-22 17:28
1215,0.3519,0,v1,2026-09-22 17:28
26,0.3502,0,v1,2026-09-22 17:28
507,0.3481,0,v1,2026-09-22 17:28
895,0.3473,0,v1,2026-09-22 17:28
385,0.3445,0,v1,2026-09-22 17:28
1156,0.3445,0,v1,2026-09-22 17:28
710,0.3444,0,v1,2026-09-22 17:28
1153,0.3444,0,v1,2026-09-22 17:28
1386,0.3441,0,v1,2026-09-22 17:28
263,0.3439,0,v1,2026-09-22 17:28
138,0.3432,0,v1,2026-09-22 17:28
1011,0.3429,0,v1,2026-09-22 17:28
44,0.3422,0,v1,2026-09-22 17:28
986,0.3403,0,v1,2026-09-22 17:28
735,0.3402,0,v1,2026-09-22 17:28
670,0.3402,0,v1,2026-09-22 17:28
1142,0.339,0,v1,2026-09-22 17:28
1225,0.3389,0,v1,2026-09-22 17:28
594,0.3383,0,v1,2026-09-22 17:28
1286,0.3354,0,v1,2026-09-22 17:28
761,0.3348,0,v1,2026-09-22 17:28
469,0.3343,0,v1,2026-09-22 17:28
1379,0.3342,0,v1,2026-09-22 17:28
1396,0.3342,0,v1,2026-09-22 17:28
160,0.3338,0,v1,2026-09-22 17:28
1370,0.3338,0,v1,2026-09-22 17:28
1184,0.3332,0,v1,2026-09-22 17:28
980,0.3331,0,v1,2026-09-22 17:28
1150,0.3326,0,v1,2026-09-22 17:28
592,0.3324,0,v1,2026-09-22 17:28
415,0.3324,0,v1,2026-09-22 17:28
455,0.3324,0,v1,2026-09-22 17:28
333,0.3324,0,v1,2026-09-22 17:28
490,0.3321,0,v1,2026-09-22 17:28
1334,0.3305,0,v1,2026-09-22 17:28
1091,0.3304,0,v1,2026-09-22 17:28
1319,0.3303,0,v1,2026-09-22 17:28
1284,0.3296,0,v1,2026-09-22 17:28
996,0.3286,0,v1,2026-09-22 17:28
776,0.3286,0,v1,2026-09-22 17:28
233,0.3269,0,v1,2026-09-22 17:28
462,0.3268,0,v1,2026-09-22 17:28
900,0.3267,0,v1,2026-09-22 17:28
611,0.3267,0,v1,2026-09-22 17:28
1236,0.3259,0,v1,2026-09-22 17:28
543,0.3259,0,v1,2026-09-22 17:28
1176,0.3259,0,v1,2026-09-22 17:28
618,0.3259,0,v1,2026-09-22 17:28
878,0.3259,0,v1,2026-09-22 17:28
973,0.3258,0,v1,2026-09-22 17:28
778,0.3254,0,v1,2026-09-22 17:28
732,0.3254,0,v1,2026-09-22 17:28
376,0.324,0,v1,2026-09-22 17:28
379,0.324,0,v1,2026-09-22 17:28
948,0.3237,0,v1,2026-09-22 17:28
601,0.3234,0,v1,2026-09-22 17:28
1056,0.3227,0,v1,2026-09-22 17:28
1424,0.322,0,v1,2026-09-22 17:28
729,0.322,0,v1,2026-09-22 17:28
215,0.3205,0,v1,2026-09-22 17:28
1359,0.3205,0,v1,2026-09-22 17:28
103,0.3192,0,v1,2026-09-22 17:28
802,0.3189,0,v1,2026-09-22 17:28
1075,0.3179,0,v1,2026-09-22 17:28
1331,0.3176,0,v1,2026-09-22 17:28
568,0.3174,0,v1,2026-09-22 17:28
595,0.3174,0,v1,2026-09-22 17:28
532,0.3169,0,v1,2026-09-22 17:28
833,0.3169,0,v1,2026-09-22 17:28
866,0.3161,0,v1,2026-09-22 17:28
228,0.3156,0,v1,2026-09-22 17:28
1453,0.3156,0,v1,2026-09-22 17:28
631,0.315,0,v1,2026-09-22 17:28
1141,0.3148,0,v1,2026-09-22 17:28
647,0.3143,0,v1,2026-09-22 17:28
544,0.3143,0,v1,2026-09-22 17:28
1268,0.3127,0,v1,2026-09-22 17:28
1291,0.3116,0,v1,2026-09-22 17:28
649,0.3111,0,v1,2026-09-22 17:28
1190,0.3111,0,v1,2026-09-22 17:28
1209,0.3104,0,v1,2026-09-22 17:28
569,0.3102,0,v1,2026-09-22 17:28
932,0.3095,0,v1,2026-09-22 17:28
886,0.3092,0,v1,2026-09-22 17:28
78,0.3082,0,v1,2026-09-22 17:28
686,0.3076,0,v1,2026-09-22 17:28
1126,0.3076,0,v1,2026-09-22 17:28
96,0.3076,0,v1,2026-09-22 17:28
11,0.3059,0,v1,2026-09-22 17:28
19,0.3047,0,v1,2026-09-22 17:28
100,0.3045,0,v1,2026-09-22 17:28
1095,0.3042,0,v1,2026-09-22 17:28
373,0.3036,0,v1,2026-09-22 17:28
907,0.3035,0,v1,2026-09-22 17:28
1398,0.3035,0,v1,2026-09-22 17:28
1139,0.3035,0,v1,2026-09-22 17:28
288,0.3035,0,v1,2026-09-22 17:28
1399,0.3032,0,v1,2026-09-22 17:28
1111,0.3028,0,v1,2026-09-22 17:28
495,0.3025,0,v1,2026-09-22 17:28
1175,0.3024,0,v1,2026-09-22 17:28
940,0.3013,0,v1,2026-09-22 17:28
9,0.3012,0,v1,2026-09-22 17:28
1394,0.2982,0,v1,2026-09-22 17:28
1102,0.2978,0,v1,2026-09-22 17:28
596,0.2977,0,v1,2026-09-22 17:28
265,0.2977,0,v1,2026-09-22 17:28
679,0.2971,0,v1,2026-09-22 17:28
1161,0.2971,0,v1,2026-09-22 17:28
836,0.2946,0,v1,2026-09-22 17:28
1390,0.2942,0,v1,2026-09-22 17:28
1047,0.2938,0,v1,2026-09-22 17:28
108,0.2931,0,v1,2026-09-22 17:28
931,0.2931,0,v1,2026-09-22 17:28
1131,0.293,0,v1,2026-09-22 17:28
728,0.293,0,v1,2026-09-22 17:28
473,0.292,0,v1,2026-09-22 17:28
1320,0.2913,0,v1,2026-09-22 17:28
554,0.291,0,v1,2026-09-22 17:28
1333,0.2909,0,v1,2026-09-22 17:28
1380,0.2909,0,v1,2026-09-22 17:28
1203,0.2903,0,v1,2026-09-22 17:28
5,0.2903,0,v1,2026-09-22 17:28
28,0.2901,0,v1,2026-09-22 17:28
202,0.29,0,v1,2026-09-22 17:28
972,0.2895,0,v1,2026-09-22 17:28
196,0.2895,0,v1,2026-09-22 17:28
391,0.2895,0,v1,2026-09-22 17:28
1115,0.2887,0,v1,2026-09-22 17:28
1137,0.2849,0,v1,2026-09-22 17:28
162,0.2842,0,v1,2026-09-22 17:28
1079,0.2839,0,v1,2026-09-22 17:28
638,0.2836,0,v1,2026-09-22 17:28
327,0.2834,0,v1,2026-09-22 17:28
316,0.2834,0,v1,2026-09-22 17:28
820,0.2834,0,v1,2026-09-22 17:28
519,0.2834,0,v1,2026-09-22 17:28
1369,0.2831,0,v1,2026-09-22 17:28
859,0.2831,0,v1,2026-09-22 17:28
1128,0.2826,0,v1,2026-09-22 17:28
1443,0.282,0,v1,2026-09-22 17:28
1122,0.2819,0,v1,2026-09-22 17:28
794,0.2819,0,v1,2026-09-22 17:28
664,0.2817,0,v1,2026-09-22 17:28
200,0.2817,0,v1,2026-09-22 17:28
1373,0.2817,0,v1,2026-09-22 17:28
743,0.2802,0,v1,2026-09-22 17:28
650,0.2802,0,v1,2026-09-22 17:28
393,0.2782,0,v1,2026-09-22 17:28
321,0.2782,0,v1,2026-09-22 17:28
428,0.2782,0,v1,2026-09-22 17:28
974,0.2774,0,v1,2026-09-22 17:28
652,0.2773,0,v1,2026-09-22 17:28
71,0.2769,0,v1,2026-09-22 17:28
249,0.2765,0,v1,2026-09-22 17:28
890,0.2765,0,v1,2026-09-22 17:28
756,0.2757,0,v1,2026-09-22 17:28
1272,0.2755,0,v1,2026-09-22 17:28
526,0.275,0,v1,2026-09-22 17:28
150,0.2744,0,v1,2026-09-22 17:28
868,0.2744,0,v1,2026-09-22 17:28
416,0.2741,0,v1,2026-09-22 17:28
984,0.2738,0,v1,2026-09-22 17:28
399,0.2738,0,v1,2026-09-22 17:28
503,0.2737,0,v1,2026-09-22 17:28
684,0.2731,0,v1,2026-09-22 17:28
759,0.2731,0,v1,2026-09-22 17:28
1082,0.2729,0,v1,2026-09-22 17:28
1197,0.2726,0,v1,2026-09-22 17:28
805,0.2718,0,v1,2026-09-22 17:28
431,0.2713,0,v1,2026-09-22 17:28
570,0.2696,0,v1,2026-09-22 17:28
380,0.2689,0,v1,2026-09-22 17:28
606,0.2689,0,v1,2026-09-22 17:28
538,0.2686,0,v1,2026-09-22 17:28
1289,0.2682,0,v1,2026-09-22 17:28
997,0.2682,0,v1,2026-09-22 17:28
1031,0.2682,0,v1,2026-09-22 17:28
88,0.2679,0,v1,2026-09-22 17:28
388,0.2671,0,v1,2026-09-22 17:28
486,0.2621,0,v1,2026-09-22 17:28
709,0.2621,0,v1,2026-09-22 17:28
700,0.2618,0,v1,2026-09-22 17:28
341,0.2614,0,v1,2026-09-22 17:28
1294,0.2614,0,v1,2026-09-22 17:28
1159,0.2614,0,v1,2026-09-22 17:28
967,0.2614,0,v1,2026-09-22 17:28
369,0.2607,0,v1,2026-09-22 17:28
822,0.2591,0,v1,2026-09-22 17:28
823,0.2591,0,v1,2026-09-22 17:28
31,0.259,0,v1,2026-09-22 17:28
954,0.2584,0,v1,2026-09-22 17:28
1228,0.2584,0,v1,2026-09-22 17:28
58,0.2584,0,v1,2026-09-22 17:28
1422,0.2568,0,v1,2026-09-22 17:28
169,0.2568,0,v1,2026-09-22 17:28
959,0.2565,0,v1,2026-09-22 17:28
262,0.2564,0,v1,2026-09-22 17:28
358,0.2564,0,v1,2026-09-22 17:28
229,0.2564,0,v1,2026-09-22 17:28
828,0.2564,0,v1,2026-09-22 17:28
488,0.2564,0,v1,2026-09-22 17:28
308,0.2561,0,v1,2026-09-22 17:28
306,0.2561,0,v1,2026-09-22 17:28
658,0.2551,0,v1,2026-09-22 17:28
392,0.2551,0,v1,2026-09-22 17:28
2,0.2551,0,v1,2026-09-22 17:28
1110,0.2547,0,v1,2026-09-22 17:28
334,0.2543,0,v1,2026-09-22 17:28
423,0.2543,0,v1,2026-09-22 17:28
1249,0.2537,0,v1,2026-09-22 17:28
731,0.2535,0,v1,2026-09-22 17:28
879,0.2535,0,v1,2026-09-22 17:28
1457,0.2529,0,v1,2026-09-22 17:28
1376,0.2529,0,v1,2026-09-22 17:28
578,0.2522,0,v1,2026-09-22 17:28
876,0.2516,0,v1,2026-09-22 17:28
1099,0.2513,0,v1,2026-09-22 17:28
474,0.2513,0,v1,2026-09-22 17:28
1292,0.2513,0,v1,2026-09-22 17:28
1256,0.2513,0,v1,2026-09-22 17:28
927,0.2513,0,v1,2026-09-22 17:28
821,0.2506,0,v1,2026-09-22 17:28
137,0.2506,0,v1,2026-09-22 17:28
1243,0.2506,0,v1,2026-09-22 17:28
390,0.2501,0,v1,2026-09-22 17:28
89,0.2501,0,v1,2026-09-22 17:28
361,0.2499,0,v1,2026-09-22 17:28
941,0.2494,0,v1,2026-09-22 17:28
737,0.2485,0,v1,2026-09-22 17:28
1324,0.2462,0,v1,2026-09-22 17:28
370,0.2462,0,v1,2026-09-22 17:28
1042,0.2447,0,v1,2026-09-22 17:28
1260,0.2439,0,v1,2026-09-22 17:28
1189,0.2439,0,v1,2026-09-22 17:28
300,0.2439,0,v1,2026-09-22 17:28
1416,0.243,0,v1,2026-09-22 17:28
1410,0.243,0,v1,2026-09-22 17:28
413,0.243,0,v1,2026-09-22 17:28
579,0.243,0,v1,2026-09-22 17:28
722,0.2428,0,v1,2026-09-22 17:28
573,0.242,0,v1,2026-09-22 17:28
1085,0.242,0,v1,2026-09-22 17:28
293,0.2406,0,v1,2026-09-22 17:28
929,0.2396,0,v1,2026-09-22 17:28
558,0.2396,0,v1,2026-09-22 17:28
87,0.2396,0,v1,2026-09-22 17:28
1349,0.2387,0,v1,2026-09-22 17:28
1165,0.2387,0,v1,2026-09-22 17:28
1014,0.238,0,v1,2026-09-22 17:28
221,0.2371,0,v1,2026-09-22 17:28
41,0.2371,0,v1,2026-09-22 17:28
901,0.2371,0,v1,2026-09-22 17:28
629,0.2366,0,v1,2026-09-22 17:28
1252,0.2359,0,v1,2026-09-22 17:28
62,0.2359,0,v1,2026-09-22 17:28
147,0.2357,0,v1,2026-09-22 17:28
630,0.2356,0,v1,2026-09-22 17:28
319,0.2356,0,v1,2026-09-22 17:28
425,0.2354,0,v1,2026-09-22 17:28
1345,0.2338,0,v1,2026-09-22 17:28
1430,0.2338,0,v1,2026-09-22 17:28
464,0.2337,0,v1,2026-09-22 17:28
290,0.2328,0,v1,2026-09-22 17:28
1433,0.2328,0,v1,2026-09-22 17:28
840,0.2322,0,v1,2026-09-22 17:28
1383,0.2322,0,v1,2026-09-22 17:28
24,0.232,0,v1,2026-09-22 17:28
51,0.232,0,v1,2026-09-22 17:28
692,0.232,0,v1,2026-09-22 17:28
810,0.2313,0,v1,2026-09-22 17:28
718,0.2313,0,v1,2026-09-22 17:28
806,0.2272,0,v1,2026-09-22 17:28
165,0.2272,0,v1,2026-09-22 17:28
798,0.227,0,v1,2026-09-22 17:28
386,0.227,0,v1,2026-09-22 17:28
1462,0.2268,0,v1,2026-09-22 17:28
827,0.2268,0,v1,2026-09-22 17:28
1147,0.2256,0,v1,2026-09-22 17:28
920,0.2255,0,v1,2026-09-22 17:28
1257,0.2254,0,v1,2026-09-22 17:28
586,0.2254,0,v1,2026-09-22 17:28
141,0.2243,0,v1,2026-09-22 17:28
1063,0.2243,0,v1,2026-09-22 17:28
240,0.2214,0,v1,2026-09-22 17:28
785,0.2212,0,v1,2026-09-22 17:28
220,0.2212,0,v1,2026-09-22 17:28
1250,0.2212,0,v1,2026-09-22 17:28
365,0.2206,0,v1,2026-09-22 17:28
1395,0.2206,0,v1,2026-09-22 17:28
352,0.2204,0,v1,2026-09-22 17:28
1021,0.2187,0,v1,2026-09-22 17:28
1287,0.2182,0,v1,2026-09-22 17:28
1423,0.2182,0,v1,2026-09-22 17:28
1140,0.2173,0,v1,2026-09-22 17:28
897,0.2173,0,v1,2026-09-22 17:28
617,0.2169,0,v1,2026-09-22 17:28
910,0.2169,0,v1,2026-09-22 17:28
1088,0.2169,0,v1,2026-09-22 17:28
362,0.2163,0,v1,2026-09-22 17:28
278,0.2161,0,v1,2026-09-22 17:28
639,0.2149,0,v1,2026-09-22 17:28
730,0.2148,0,v1,2026-09-22 17:28
561,0.2148,0,v1,2026-09-22 17:28
1420,0.2148,0,v1,2026-09-22 17:28
301,0.2147,0,v1,2026-09-22 17:28
852,0.2147,0,v1,2026-09-22 17:28
701,0.2141,0,v1,2026-09-22 17:28
935,0.2136,0,v1,2026-09-22 17:28
421,0.2136,0,v1,2026-09-22 17:28
1145,0.2136,0,v1,2026-09-22 17:28
368,0.2135,0,v1,2026-09-22 17:28
79,0.2134,0,v1,2026-09-22 17:28
534,0.2123,0,v1,2026-09-22 17:28
847,0.2118,0,v1,2026-09-22 17:28
1402,0.2118,0,v1,2026-09-22 17:28
525,0.2105,0,v1,2026-09-22 17:28
121,0.2105,0,v1,2026-09-22 17:28
367,0.2102,0,v1,2026-09-22 17:28
683,0.2094,0,v1,2026-09-22 17:28
837,0.2094,0,v1,2026-09-22 17:28
824,0.2087,0,v1,2026-09-22 17:28
400,0.2066,0,v1,2026-09-22 17:28
383,0.2045,0,v1,2026-09-22 17:28
1441,0.2033,0,v1,2026-09-22 17:28
977,0.2031,0,v1,2026-09-22 17:28
332,0.2031,0,v1,2026-09-22 17:28
409,0.2024,0,v1,2026-09-22 17:28
676,0.2022,0,v1,2026-09-22 17:28
669,0.2009,0,v1,2026-09-22 17:28
1125,0.2004,0,v1,2026-09-22 17:28
1055,0.2004,0,v1,2026-09-22 17:28
1358,0.1993,0,v1,2026-09-22 17:28
563,0.1993,0,v1,2026-09-22 17:28
1107,0.1992,0,v1,2026-09-22 17:28
347,0.1992,0,v1,2026-09-22 17:28
238,0.1989,0,v1,2026-09-22 17:28
140,0.1989,0,v1,2026-09-22 17:28
657,0.1987,0,v1,2026-09-22 17:28
643,0.1985,0,v1,2026-09-22 17:28
449,0.1984,0,v1,2026-09-22 17:28
501,0.1982,0,v1,2026-09-22 17:28
61,0.1981,0,v1,2026-09-22 17:28
1456,0.198,0,v1,2026-09-22 17:28
609,0.1968,0,v1,2026-09-22 17:28
793,0.1965,0,v1,2026-09-22 17:28
1194,0.1943,0,v1,2026-09-22 17:28
1017,0.1938,0,v1,2026-09-22 17:28
720,0.1938,0,v1,2026-09-22 17:28
1467,0.1936,0,v1,2026-09-22 17:28
1053,0.193,0,v1,2026-09-22 17:28
1074,0.1926,0,v1,2026-09-22 17:28
118,0.1926,0,v1,2026-09-22 17:28
1308,0.1924,0,v1,2026-09-22 17:28
690,0.1924,0,v1,2026-09-22 17:28
1076,0.1923,0,v1,2026-09-22 17:28
287,0.1921,0,v1,2026-09-22 17:28
816,0.1921,0,v1,2026-09-22 17:28
1347,0.1915,0,v1,2026-09-22 17:28
115,0.1911,0,v1,2026-09-22 17:28
698,0.1911,0,v1,2026-09-22 17:28
340,0.1908,0,v1,2026-09-22 17:28
131,0.1908,0,v1,2026-09-22 17:28
106,0.1895,0,v1,2026-09-22 17:28
1114,0.1895,0,v1,2026-09-22 17:28
1255,0.1894,0,v1,2026-09-22 17:28
1172,0.1886,0,v1,2026-09-22 17:28
69,0.1868,0,v1,2026-09-22 17:28
168,0.1861,0,v1,2026-09-22 17:28
292,0.1858,0,v1,2026-09-22 17:28
1427,0.1858,0,v1,2026-09-22 17:28
1218,0.1853,0,v1,2026-09-22 17:28
405,0.1848,0,v1,2026-09-22 17:28
912,0.1848,0,v1,2026-09-22 17:28
95,0.1848,0,v1,2026-09-22 17:28
17,0.1846,0,v1,2026-09-22 17:28
1182,0.1845,0,v1,2026-09-22 17:28
1302,0.1843,0,v1,2026-09-22 17:28
707,0.1843,0,v1,2026-09-22 17:28
1200,0.1837,0,v1,2026-09-22 17:28
339,0.1836,0,v1,2026-09-22 17:28
439,0.1836,0,v1,2026-09-22 17:28
508,0.1826,0,v1,2026-09-22 17:28
64,0.182,0,v1,2026-09-22 17:28
207,0.1818,0,v1,2026-09-22 17:28
99,0.1818,0,v1,2026-09-22 17:28
691,0.1812,0,v1,2026-09-22 17:28
124,0.1812,0,v1,2026-09-22 17:28
117,0.181,0,v1,2026-09-22 17:28
1207,0.1809,0,v1,2026-09-22 17:28
481,0.18,0,v1,2026-09-22 17:28
1030,0.1777,0,v1,2026-09-22 17:28
443,0.1776,0,v1,2026-09-22 17:28
646,0.1774,0,v1,2026-09-22 17:28
1060,0.1771,0,v1,2026-09-22 17:28
779,0.1771,0,v1,2026-09-22 17:28
654,0.1767,0,v1,2026-09-22 17:28
414,0.1766,0,v1,2026-09-22 17:28
1389,0.1763,0,v1,2026-09-22 17:28
67,0.1763,0,v1,2026-09-22 17:28
353,0.176,0,v1,2026-09-22 17:28
969,0.176,0,v1,2026-09-22 17:28
858,0.1756,0,v1,2026-09-22 17:28
887,0.1733,0,v1,2026-09-22 17:28
1123,0.1733,0,v1,2026-09-22 17:28
437,0.173,0,v1,2026-09-22 17:28
950,0.1728,0,v1,2026-09-22 17:28
1135,0.1728,0,v1,2026-09-22 17:28
366,0.1728,0,v1,2026-09-22 17:28
149,0.1722,0,v1,2026-09-22 17:28
1027,0.172,0,v1,2026-09-22 17:28
50,0.1715,0,v1,2026-09-22 17:28
1342,0.1707,0,v1,2026-09-22 17:28
1132,0.1707,0,v1,2026-09-22 17:28
1400,0.1702,0,v1,2026-09-22 17:28
1419,0.1702,0,v1,2026-09-22 17:28
274,0.1695,0,v1,2026-09-22 17:28
1158,0.1693,0,v1,2026-09-22 17:28
1254,0.1686,0,v1,2026-09-22 17:28
891,0.1673,0,v1,2026-09-22 17:28
145,0.1673,0,v1,2026-09-22 17:28
166,0.1673,0,v1,2026-09-22 17:28
465,0.167,0,v1,2026-09-22 17:28
1034,0.1668,0,v1,2026-09-22 17:28
981,0.1664,0,v1,2026-09-22 17:28
958,0.1662,0,v1,2026-09-22 17:28
1354,0.1662,0,v1,2026-09-22 17:28
930,0.1656,0,v1,2026-09-22 17:28
1413,0.1643,0,v1,2026-09-22 17:28
429,0.1635,0,v1,2026-09-22 17:28
983,0.1635,0,v1,2026-09-22 17:28
1048,0.1633,0,v1,2026-09-22 17:28
1406,0.1633,0,v1,2026-09-22 17:28
1251,0.1629,0,v1,2026-09-22 17:28
54,0.1628,0,v1,2026-09-22 17:28
1384,0.1619,0,v1,2026-09-22 17:28
86,0.1619,0,v1,2026-09-22 17:28
1431,0.1598,0,v1,2026-09-22 17:28
804,0.1597,0,v1,2026-09-22 17:28
475,0.1595,0,v1,2026-09-22 17:28
1187,0.1595,0,v1,2026-09-22 17:28
811,0.158,0,v1,2026-09-22 17:28
1285,0.158,0,v1,2026-09-22 17:28
783,0.158,0,v1,2026-09-22 17:28
440,0.1573,0,v1,2026-09-22 17:28
505,0.1573,0,v1,2026-09-22 17:28
1463,0.157,0,v1,2026-09-22 17:28
48,0.157,0,v1,2026-09-22 17:28
185,0.1566,0,v1,2026-09-22 17:28
467,0.1563,0,v1,2026-09-22 17:28
158,0.1561,0,v1,2026-09-22 17:28
1374,0.1551,0,v1,2026-09-22 17:28
813,0.155,0,v1,2026-09-22 17:28
302,0.1549,0,v1,2026-09-22 17:28
1191,0.1549,0,v1,2026-09-22 17:28
506,0.1535,0,v1,2026-09-22 17:28
1013,0.1535,0,v1,2026-09-22 17:28
424,0.1524,0,v1,2026-09-22 17:28
1382,0.1524,0,v1,2026-09-22 17:28
1295,0.1522,0,v1,2026-09-22 17:28
1101,0.1522,0,v1,2026-09-22 17:28
1263,0.1516,0,v1,2026-09-22 17:28
615,0.1516,0,v1,2026-09-22 17:28
807,0.1516,0,v1,2026-09-22 17:28
94,0.1514,0,v1,2026-09-22 17:28
1290,0.1508,0,v1,2026-09-22 17:28
633,0.1506,0,v1,2026-09-22 17:28
808,0.1504,0,v1,2026-09-22 17:28
1094,0.1495,0,v1,2026-09-22 17:28
696,0.1492,0,v1,2026-09-22 17:28
452,0.1491,0,v1,2026-09-22 17:28
867,0.1491,0,v1,2026-09-22 17:28
152,0.1488,0,v1,2026-09-22 17:28
315,0.1488,0,v1,2026-09-22 17:28
397,0.1467,0,v1,2026-09-22 17:28
1043,0.1467,0,v1,2026-09-22 17:28
157,0.1467,0,v1,2026-09-22 17:28
1155,0.1463,0,v1,2026-09-22 17:28
780,0.1451,0,v1,2026-09-22 17:28
307,0.1451,0,v1,2026-09-22 17:28
59,0.1444,0,v1,2026-09-22 17:28
1466,0.1444,0,v1,2026-09-22 17:28
589,0.1444,0,v1,2026-09-22 17:28
1019,0.1444,0,v1,2026-09-22 17:28
1309,0.1431,0,v1,2026-09-22 17:28
944,0.1431,0,v1,2026-09-22 17:28
1092,0.1424,0,v1,2026-09-22 17:28
143,0.1424,0,v1,2026-09-22 17:28
4,0.1419,0,v1,2026-09-22 17:28
1336,0.1419,0,v1,2026-09-22 17:28
1216,0.1418,0,v1,2026-09-22 17:28
1288,0.1412,0,v1,2026-09-22 17:28
1375,0.1412,0,v1,2026-09-22 17:28
259,0.1408,0,v1,2026-09-22 17:28
955,0.1389,0,v1,2026-09-22 17:28
523,0.1388,0,v1,2026-09-22 17:28
585,0.1388,0,v1,2026-09-22 17:28
264,0.1387,0,v1,2026-09-22 17:28
535,0.1385,0,v1,2026-09-22 17:28
42,0.1384,0,v1,2026-09-22 17:28
116,0.1381,0,v1,2026-09-22 17:28
43,0.138,0,v1,2026-09-22 17:28
1007,0.1375,0,v1,2026-09-22 17:28
1277,0.1368,0,v1,2026-09-22 17:28
1438,0.1368,0,v1,2026-09-22 17:28
843,0.1361,0,v1,2026-09-22 17:28
909,0.1361,0,v1,2026-09-22 17:28
1361,0.1354,0,v1,2026-09-22 17:28
433,0.1354,0,v1,2026-09-22 17:28
1069,0.1349,0,v1,2026-09-22 17:28
832,0.1349,0,v1,2026-09-22 17:28
1093,0.1346,0,v1,2026-09-22 17:28
34,0.1345,0,v1,2026-09-22 17:28
908,0.1344,0,v1,2026-09-22 17:28
774,0.1341,0,v1,2026-09-22 17:28
136,0.1335,0,v1,2026-09-22 17:28
740,0.1335,0,v1,2026-09-22 17:28
304,0.1335,0,v1,2026-09-22 17:28
226,0.1335,0,v1,2026-09-22 17:28
952,0.1321,0,v1,2026-09-22 17:28
1198,0.1321,0,v1,2026-09-22 17:28
1001,0.1318,0,v1,2026-09-22 17:28
1057,0.1302,0,v1,2026-09-22 17:28
1278,0.1302,0,v1,2026-09-22 17:28
916,0.1298,0,v1,2026-09-22 17:28
225,0.1294,0,v1,2026-09-22 17:28
1341,0.1294,0,v1,2026-09-22 17:28
346,0.1284,0,v1,2026-09-22 17:28
865,0.128,0,v1,2026-09-22 17:28
208,0.1276,0,v1,2026-09-22 17:28
1193,0.1274,0,v1,2026-09-22 17:28
1168,0.1274,0,v1,2026-09-22 17:28
781,0.1273,0,v1,2026-09-22 17:28
129,0.127,0,v1,2026-09-22 17:28
857,0.1266,0,v1,2026-09-22 17:28
270,0.1266,0,v1,2026-09-22 17:28
198,0.1258,0,v1,2026-09-22 17:28
951,0.1247,0,v1,2026-09-22 17:28
763,0.1242,0,v1,2026-09-22 17:28
784,0.1242,0,v1,2026-09-22 17:28
1100,0.124,0,v1,2026-09-22 17:28
1096,0.1237,0,v1,2026-09-22 17:28
922,0.1237,0,v1,2026-09-22 17:28
102,0.1237,0,v1,2026-09-22 17:28
65,0.1221,0,v1,2026-09-22 17:28
542,0.1221,0,v1,2026-09-22 17:28
906,0.12,0,v1,2026-09-22 17:28
1183,0.1199,0,v1,2026-09-22 17:28
502,0.1192,0,v1,2026-09-22 17:28
371,0.1192,0,v1,2026-09-22 17:28
1025,0.1192,0,v1,2026-09-22 17:28
1208,0.1188,0,v1,2026-09-22 17:28
666,0.1185,0,v1,2026-09-22 17:28
1235,0.1185,0,v1,2026-09-22 17:28
947,0.1185,0,v1,2026-09-22 17:28
1360,0.1184,0,v1,2026-09-22 17:28
788,0.1182,0,v1,2026-09-22 17:28
1437,0.1182,0,v1,2026-09-22 17:28
175,0.1174,0,v1,2026-09-22 17:28
310,0.1174,0,v1,2026-09-22 17:28
934,0.1174,0,v1,2026-09-22 17:28
597,0.1174,0,v1,2026-09-22 17:28
284,0.1172,0,v1,2026-09-22 17:28
546,0.1172,0,v1,2026-09-22 17:28
377,0.1172,0,v1,2026-09-22 17:28
412,0.1162,0,v1,2026-09-22 17:28
682,0.115,0,v1,2026-09-22 17:28
283,0.115,0,v1,2026-09-22 17:28
1275,0.1149,0,v1,2026-09-22 17:28
1469,0.1149,0,v1,2026-09-22 17:28
1087,0.1135,0,v1,2026-09-22 17:28
1409,0.1132,0,v1,2026-09-22 17:28
1403,0.1131,0,v1,2026-09-22 17:28
253,0.113,0,v1,2026-09-22 17:28
915,0.1126,0,v1,2026-09-22 17:28
406,0.1122,0,v1,2026-09-22 17:28
979,0.1115,0,v1,2026-09-22 17:28
668,0.1115,0,v1,2026-09-22 17:28
590,0.1111,0,v1,2026-09-22 17:28
336,0.1111,0,v1,2026-09-22 17:28
623,0.1105,0,v1,2026-09-22 17:28
492,0.1101,0,v1,2026-09-22 17:28
604,0.1101,0,v1,2026-09-22 17:28
881,0.1101,0,v1,2026-09-22 17:28
355,0.1094,0,v1,2026-09-22 17:28
1112,0.1094,0,v1,2026-09-22 17:28
1174,0.1084,0,v1,2026-09-22 17:28
374,0.1084,0,v1,2026-09-22 17:28
518,0.1074,0,v1,2026-09-22 17:28
1362,0.1074,0,v1,2026-09-22 17:28
751,0.1073,0,v1,2026-09-22 17:28
528,0.1068,0,v1,2026-09-22 17:28
1129,0.1068,0,v1,2026-09-22 17:28
122,0.1068,0,v1,2026-09-22 17:28
500,0.1068,0,v1,2026-09-22 17:28
267,0.1068,0,v1,2026-09-22 17:28
216,0.1068,0,v1,2026-09-22 17:28
642,0.1064,0,v1,2026-09-22 17:28
261,0.1064,0,v1,2026-09-22 17:28
888,0.1064,0,v1,2026-09-22 17:28
509,0.1064,0,v1,2026-09-22 17:28
468,0.1052,0,v1,2026-09-22 17:28
1186,0.1044,0,v1,2026-09-22 17:28
135,0.1042,0,v1,2026-09-22 17:28
163,0.1041,0,v1,2026-09-22 17:28
987,0.1039,0,v1,2026-09-22 17:28
1393,0.1032,0,v1,2026-09-22 17:28
862,0.1027,0,v1,2026-09-22 17:28
599,0.1027,0,v1,2026-09-22 17:28
717,0.1027,0,v1,2026-09-22 17:28
768,0.1027,0,v1,2026-09-22 17:28
1303,0.1027,0,v1,2026-09-22 17:28
721,0.1024,0,v1,2026-09-22 17:28
479,0.102,0,v1,2026-09-22 17:28
6,0.102,0,v1,2026-09-22 17:28
1348,0.1018,0,v1,2026-09-22 17:28
545,0.0983,0,v1,2026-09-22 17:28
151,0.0981,0,v1,2026-09-22 17:28
224,0.0976,0,v1,2026-09-22 17:28
53,0.0976,0,v1,2026-09-22 17:28
134,0.0972,0,v1,2026-09-22 17:28
913,0.097,0,v1,2026-09-22 17:28
480,0.0952,0,v1,2026-09-22 17:28
877,0.095,0,v1,2026-09-22 17:28
1026,0.0938,0,v1,2026-09-22 17:28
282,0.093,0,v1,2026-09-22 17:28
231,0.0921,0,v1,2026-09-22 17:28
1232,0.092,0,v1,2026-09-22 17:28
884,0.0917,0,v1,2026-09-22 17:28
344,0.0914,0,v1,2026-09-22 17:28
1307,0.0914,0,v1,2026-09-22 17:28
345,0.0908,0,v1,2026-09-22 17:28
914,0.0906,0,v1,2026-09-22 17:28
139,0.0898,0,v1,2026-09-22 17:28
1072,0.0897,0,v1,2026-09-22 17:28
395,0.0893,0,v1,2026-09-22 17:28
453,0.0887,0,v1,2026-09-22 17:28
600,0.0887,0,v1,2026-09-22 17:28
237,0.0883,0,v1,2026-09-22 17:28
1357,0.0881,0,v1,2026-09-22 17:28
194,0.0881,0,v1,2026-09-22 17:28
74,0.0881,0,v1,2026-09-22 17:28
227,0.0881,0,v1,2026-09-22 17:28
789,0.0877,0,v1,2026-09-22 17:28
1219,0.0873,0,v1,2026-09-22 17:28
584,0.0872,0,v1,2026-09-22 17:28
223,0.0872,0,v1,2026-09-22 17:28
1381,0.0872,0,v1,2026-09-22 17:28
1108,0.0869,0,v1,2026-09-22 17:28
924,0.0852,0,v1,2026-09-22 17:28
1206,0.0827,0,v1,2026-09-22 17:28
1421,0.0825,0,v1,2026-09-22 17:28
893,0.0823,0,v1,2026-09-22 17:28
673,0.0823,0,v1,2026-09-22 17:28
801,0.0812,0,v1,2026-09-22 17:28
826,0.0812,0,v1,2026-09-22 17:28
10,0.0812,0,v1,2026-09-22 17:28
1152,0.0794,0,v1,2026-09-22 17:28
1064,0.0794,0,v1,2026-09-22 17:28
1310,0.0791,0,v1,2026-09-22 17:28
1166,0.079,0,v1,2026-09-22 17:28
447,0.079,0,v1,2026-09-22 17:28
153,0.0788,0,v1,2026-09-22 17:28
624,0.0785,0,v1,2026-09-22 17:28
235,0.0776,0,v1,2026-09-22 17:28
945,0.0776,0,v1,2026-09-22 17:28
1185,0.0775,0,v1,2026-09-22 17:28
665,0.0765,0,v1,2026-09-22 17:28
1192,0.0759,0,v1,2026-09-22 17:28
498,0.0754,0,v1,2026-09-22 17:28
1015,0.075,0,v1,2026-09-22 17:28
835,0.0744,0,v1,2026-09-22 17:28
537,0.0734,0,v1,2026-09-22 17:28
926,0.0731,0,v1,2026-09-22 17:28
472,0.0724,0,v1,2026-09-22 17:28
1171,0.0724,0,v1,2026-09-22 17:28
575,0.0724,0,v1,2026-09-22 17:28
703,0.0724,0,v1,2026-09-22 17:28
230,0.0708,0,v1,2026-09-22 17:28
705,0.0708,0,v1,2026-09-22 17:28
281,0.0704,0,v1,2026-09-22 17:28
1124,0.0701,0,v1,2026-09-22 17:28
1350,0.07,0,v1,2026-09-22 17:28
678,0.07,0,v1,2026-09-22 17:28
762,0.0697,0,v1,2026-09-22 17:28
567,0.0697,0,v1,2026-09-22 17:28
245,0.069,0,v1,2026-09-22 17:28
911,0.069,0,v1,2026-09-22 17:28
285,0.0688,0,v1,2026-09-22 17:28
577,0.0688,0,v1,2026-09-22 17:28
70,0.0688,0,v1,2026-09-22 17:28
627,0.0688,0,v1,2026-09-22 17:28
268,0.0687,0,v1,2026-09-22 17:28
350,0.0687,0,v1,2026-09-22 17:28
1049,0.0656,0,v1,2026-09-22 17:28
76,0.065,0,v1,2026-09-22 17:28
989,0.0645,0,v1,2026-09-22 17:28
976,0.0626,0,v1,2026-09-22 17:28
1160,0.0625,0,v1,2026-09-22 17:28
744,0.0625,0,v1,2026-09-22 17:28
685,0.0621,0,v1,2026-09-22 17:28
354,0.0621,0,v1,2026-09-22 17:28
1006,0.062,0,v1,2026-09-22 17:28
1164,0.062,0,v1,2026-09-22 17:28
1224,0.0618,0,v1,2026-09-22 17:28
33,0.0618,0,v1,2026-09-22 17:28
499,0.061,0,v1,2026-09-22 17:28
655,0.061,0,v1,2026-09-22 17:28
496,0.0604,0,v1,2026-09-22 17:28
1265,0.0583,0,v1,2026-09-22 17:28
444,0.0583,0,v1,2026-09-22 17:28
159,0.0581,0,v1,2026-09-22 17:28
1363,0.0575,0,v1,2026-09-22 17:28
181,0.0575,0,v1,2026-09-22 17:28
83,0.0562,0,v1,2026-09-22 17:28
146,0.0544,0,v1,2026-09-22 17:28
928,0.0538,0,v1,2026-09-22 17:28
326,0.0538,0,v1,2026-09-22 17:28
672,0.0538,0,v1,2026-09-22 17:28
56,0.0533,0,v1,2026-09-22 17:28
252,0.0531,0,v1,2026-09-22 17:28
1404,0.0527,0,v1,2026-09-22 17:28
251,0.0527,0,v1,2026-09-22 17:28
622,0.0527,0,v1,2026-09-22 17:28
192,0.0526,0,v1,2026-09-22 17:28
1293,0.0511,0,v1,2026-09-22 17:28
29,0.0495,0,v1,2026-09-22 17:28
504,0.0492,0,v1,2026-09-22 17:28
943,0.0487,0,v1,2026-09-22 17:28
1248,0.0485,0,v1,2026-09-22 17:28
1448,0.0479,0,v1,2026-09-22 17:28
1415,0.0479,0,v1,2026-09-22 17:28
574,0.0479,0,v1,2026-09-22 17:28
184,0.0476,0,v1,2026-09-22 17:28
402,0.0467,0,v1,2026-09-22 17:28
790,0.0467,0,v1,2026-09-22 17:28
1436,0.0466,0,v1,2026-09-22 17:28
874,0.0466,0,v1,2026-09-22 17:28
47,0.0463,0,v1,2026-09-22 17:28
1117,0.0462,0,v1,2026-09-22 17:28
1238,0.0462,0,v1,2026-09-22 17:28
733,0.0461,0,v1,2026-09-22 17:28
1067,0.0461,0,v1,2026-09-22 17:28
522,0.0445,0,v1,2026-09-22 17:28
1439,0.0424,0,v1,2026-09-22 17:28
645,0.042,0,v1,2026-09-22 17:28
21,0.042,0,v1,2026-09-22 17:28
1223,0.0415,0,v1,2026-09-22 17:28
337,0.0413,0,v1,2026-09-22 17:28
1352,0.0403,0,v1,2026-09-22 17:28
994,0.0403,0,v1,2026-09-22 17:28
524,0.0399,0,v1,2026-09-22 17:28
1062,0.0399,0,v1,2026-09-22 17:28
795,0.0399,0,v1,2026-09-22 17:28
1003,0.0398,0,v1,2026-09-22 17:28
1338,0.0398,0,v1,2026-09-22 17:28
435,0.0395,0,v1,2026-09-22 17:28
1050,0.0388,0,v1,2026-09-22 17:28
841,0.0388,0,v1,2026-09-22 17:28
276,0.0377,0,v1,2026-09-22 17:28
441,0.0377,0,v1,2026-09-22 17:28
1253,0.0374,0,v1,2026-09-22 17:28
1244,0.0363,0,v1,2026-09-22 17:28
844,0.0363,0,v1,2026-09-22 17:28
708,0.035,0,v1,2026-09-22 17:28
674,0.0349,0,v1,2026-09-22 17:28
213,0.0346,0,v1,2026-09-22 17:28
205,0.0341,0,v1,2026-09-22 17:28
0,0.0329,0,v1,2026-09-22 17:28
593,0.0285,0,v1,2026-09-22 17:28
511,0.0285,0,v1,2026-09-22 17:28
1046,0.0285,0,v1,2026-09-22 17:28
680,0.0281,0,v1,2026-09-22 17:28
1387,0.0281,0,v1,2026-09-22 17:28
22,0.0281,0,v1,2026-09-22 17:28
796,0.027,0,v1,2026-09-22 17:28
513,0.0226,0,v1,2026-09-22 17:28
1083,0.0226,0,v1,2026-09-22 17:28
767,0.0193,0,v1,2026-09-22 17:28
1237,0.0155,0,v1,2026-09-22 17:28
236,0.0136,0,v1,2026-09-22 17:28
396,0.0132,0,v1,2026-09-22 17:28
30,0.0132,0,v1,2026-09-22 17:28
1273,0.0132,0,v1,2026-09-22 17:28
1213,0.0132,0,v1,2026-09-22 17:28
